0,0,0,0
5,1014.2311145837517,4,252563.37906053604
0,0,0,0
3,1460.0284851483746,2,281146.00452810153
3,1313.8941461118566,2,155085.77297380567
2,2400.1070871525244,1,1401217.813552147
2,894.8180529941081,1,1448540.703958092
5,1298.4405756133679,4,476168.2638521286
5,1276.2433101395125,4,157800.72913363425
2,2247.6390052037923,1,255727.98132214067
2,1903.6706846159136,1,96174.32678013764
5,1351.4454506002667,4,547437.1139476567
3,1927.590892984432,2,601408.4110861097
3,1742.4436706580182,2,41387.69910430181
3,1682.9535551292636,2,200350.45661244128
0,0,0,0
5,1838.070224639769,4,258171.60306358337
0,0,0,0
3,1175.815696363392,2,383729.3456786094
5,1675.1606495971944,4,243827.05184209766
3,1423.288815796055,2,75733.2547261668
3,1237.1732558753858,2,713248.9382348924
2,1802.171750634971,1,1540921.5103635935
6,1300.1373533247672,5,495867.85609098646
4,1764.1141535020568,3,216956.4340970364
2,1768.7338325711949,1,58893.58676260621
0,0,0,0
2,1840.714200137965,1,622641.2641646339
2,1145.3769644066758,1,31755.897793712815
4,1245.2453325932818,3,133601.7610635234
2,1717.5969181594342,1,6807.333774699093
0,0,0,0
4,1544.861493428539,3,827059.3846071581
2,1659.4494319480311,1,342703.29443283664
3,2071.4486068899914,2,224392.00304308045
6,1663.814180922056,5,1251352.423720946
1,1957.6913767151232,0,0
5,1633.5325249187217,4,62520.348472825455
1,2738.1852242379628,0,0
3,1488.051628062752,2,184064.1127592916
6,1703.371977964667,5,493549.61466017255
4,2259.4401035796027,3,159290.23372447648
3,1680.4989248505553,2,353908.6379677299
1,738.4460710203272,0,0
5,1317.608917586585,4,324179.6975375261
1,1154.2048616398124,0,0
2,1466.9560646940092,1,605857.8489213425
1,1212.625515121407,0,0
4,1268.7117516333249,3,207327.1946854098
2,1691.125746409924,1,524227.12747833383
1,975.9381677195332,0,0
6,1399.0328153491034,5,349138.4572859143
3,1922.852616197708,2,604216.4532857132
4,1988.0230658460891,3,572487.621464326
5,1635.0480143536802,4,668891.355873411
7,1655.058459047859,6,700887.2852876047
3,1189.23668334315,2,764426.0142697069
5,1179.130907992041,4,1783746.024761128
7,955.1219049146948,6,269265.5626066233
1,358.182643196099,0,0
0,0,0,0
3,1607.6158650653836,2,1124274.1610510373
4,859.9855681229492,3,492830.55591600627
4,1908.397934665928,3,281069.11705126823
2,762.3515156397884,1,48758.46460401552
5,1382.9906224053884,4,511630.526650049
5,1686.672847736848,4,339896.20340775634
4,1247.0543927202486,3,716061.0863424804
3,1825.484580238175,2,788566.7337789393
1,586.4016657771559,0,0
2,1771.1581177170149,1,104448.57823274066
3,1089.2499408689944,2,177958.8145259815
3,1947.6938345876558,2,663251.0526892183
1,-133.79969447384929,0,0
8,1863.5654371340459,7,1030414.9343151486
4,1371.878704582538,3,439911.28415863705
5,1703.4461782005249,4,1542960.2539342097
2,801.9907621032623,1,1128190.409383438
9,1567.1647491162648,8,713301.3154757521
3,2489.496480433609,2,469889.4108380608
2,1070.6736870288833,1,140603.40510289895
2,1808.8769997498184,1,147447.00675806217
1,3.0872427084646006,0,0
2,2006.3593364728663,1,38254.0629130564
2,1383.3890596506576,1,58557.28991035413
3,1311.5003845758163,2,52288.98616931839
2,1222.9582422597646,1,10035.709628547005
4,1302.2817576401346,3,543451.4863239458
4,1829.8716819893182,3,329361.75032783794
2,1657.2331227094246,1,39558.37546336515
4,1777.4489505129498,3,216662.4044105022
3,1177.488641912689,2,537985.7067419927
3,2277.059752352794,2,15011.971005472904
6,1759.6699352989351,5,654283.683214831
1,1290.4869125382463,0,0
4,1340.9541420720818,3,330329.00126272667
4,1809.7967790513405,3,384544.24252297636
3,1931.165298717842,2,974355.0146847032
7,1213.2216772343234,6,634544.392647643
2,1389.6311196115807,1,47373.79187914971
4,1084.043826689642,3,113822.50197776487
4,1429.3716230403986,3,362444.68043258786
2,1592.7491819962102,1,35673.929561568584
4,1761.0028537176227,3,447767.42662376986
2,1306.42977817799,1,1718450.2306170193
3,1087.231044992637,2,902671.8768215491
3,1838.471435026621,2,518755.5581611763
0,0,0,0
4,1401.7360988950327,3,41302.07524435418
2,67.42435069990199,1,33151.27454728758
2,1311.4702732712183,1,914287.9285457327
2,1906.2291508364272,1,2389273.017099109
3,1356.9807213679678,2,146957.98065371593
3,1482.0894041447418,2,726124.9971526746
4,1421.8379308045742,3,533422.4934598781
5,1422.2742095782364,4,189483.843007346
4,1393.0584585691465,3,836206.4381942124
3,1965.786385084517,2,37809.64099425048
2,1169.2973061959492,1,292864.3218292254
1,379.7990704846036,0,0
0,0,0,0
1,1753.2711025660847,0,0
2,1103.4077360999513,1,498088.8996516613
5,1693.6838147234582,4,630953.4969126895
7,1562.342519448446,6,618038.1311741947
5,1282.791668804882,4,427008.1976548112
6,1454.690816645103,5,334321.8577245605
1,2900.902212713412,0,0
4,912.2764475358995,3,120305.1769399899
4,1517.4222055056666,3,865191.7316526602
5,1951.8032680486153,4,609351.7634937121
2,1337.0696588976225,1,133512.6044354919
6,1498.2703102423045,5,328384.25483825355
3,1281.4078355667627,2,71633.42413127692
4,1561.3632950565461,3,888477.6821221411
5,1716.7708649236563,4,1187365.2081686938
4,2009.8065186837478,3,432739.3256970723
6,1481.6516210863929,5,336465.61477612675
1,706.0785573424328,0,0
2,1361.7255344522575,1,958224.5375653589
1,832.6999353539768,0,0
5,1433.4447924077026,4,921193.6292856747
4,1266.9885520694456,3,558676.4704786376
4,1832.4477310074992,3,472093.9072864663
1,993.1166781393844,0,0
2,2059.5974220702583,1,16686.403459905305
4,1265.2778069473547,3,1209336.8693948442
2,1387.4347097898053,1,70069.98753183683
2,1152.607422470673,1,230322.15244498104
6,1424.5884269541973,5,637934.8660577391
1,139.50826463415592,0,0
4,1937.4552691719866,3,464653.91660906706
2,2174.238051179839,1,561354.1851458572
2,1055.1216525726102,1,112854.86285607085
3,1687.6184334910115,2,409556.1027057009
2,1681.771435075149,1,435928.896899462
2,1932.0587205698346,1,4162344.1185944313
2,2007.8985638674196,1,1522448.1707537244
1,692.8389678387273,0,0
2,1333.8382556966465,1,239047.7617924616
3,1381.3344783998728,2,170406.49031241625
3,1514.1288294908827,2,168148.80318489642
0,0,0,0
3,1465.2927778758433,2,899372.0927004574
3,1888.7541770216255,2,276604.98379059864
3,1457.4443531618178,2,151527.59306150302
0,0,0,0
4,1188.5044212165299,3,1497414.1020615548
4,1202.9542812693041,3,102611.02835457645
2,1251.7835676035352,1,339394.043498421
1,1411.6032872109479,0,0
1,513.5447128796451,0,0
1,2097.924367793661,0,0
4,1592.9970786866309,3,508049.021580283
7,1846.16471760382,6,437479.17030837224
4,1209.8277024984177,3,386794.8573312723
3,1522.2096143668577,2,53494.89632861134
2,2207.536534225838,1,120877.69743283733
2,1293.584594201738,1,2295.695745553086
3,1714.7259913949665,2,702107.4053216816
5,1148.4164923860294,4,46930.054955594256
4,1483.265471414836,3,1468163.7150342066
3,1195.6624370539473,2,438281.85966361244
1,1263.3503999020309,0,0
2,1379.7343741867091,1,7991.830322139111
1,1655.2571300953227,0,0
3,1809.8143823029895,2,1045390.6283123298
2,1999.6640016666831,1,466036.1986359978
3,1522.4460513529457,2,387541.78790781857
3,1819.207315863013,2,315818.0376509487
4,1993.3941342602905,3,647494.8082828155
6,1569.4585307064597,5,956751.5786042955
4,1974.434122957492,3,962282.6096092863
4,1478.551365832369,3,128974.71507790948
3,2183.2288727387895,2,105971.08929649601
4,1269.134981460562,3,374707.3125846947
3,1613.4392012262322,2,52681.11515083347
3,1600.8585261892338,2,952345.6595359925
0,0,0,0
4,1653.7384413580476,3,558030.8706864958
1,936.9214026276094,0,0
5,1143.6995445175248,4,1181663.103335477
2,1688.2765994110064,1,36788.0131957362
2,1512.8472773954686,1,741163.2601535958
1,2194.333691680476,0,0
3,2190.524264765472,2,2182433.4407554213
3,2192.969078239732,2,257412.85119412176
1,1441.8191528465886,0,0
2,1634.6831889775624,1,22365.407197789358
4,1686.1690400182445,3,1618568.7160736762
5,1224.2884594192135,4,1043679.1951604157
4,1495.035899700329,3,398523.329172646
4,1001.6987539822559,3,942218.7318831575
4,1421.3318116931641,3,190515.26596998106
4,1207.0525071243324,3,741373.5696455804
5,1792.2268513884287,4,691746.0859045864
4,1420.8564403702858,3,138668.9468543671
1,2059.7350388643977,0,0
2,2997.033980191065,1,24201.345401049493
2,2079.881997848396,1,23920.430687727607
1,934.226409818393,0,0
1,1820.1055062018893,0,0
4,1257.8525029519096,3,1892255.9994012685
2,1388.1722976580638,1,77614.06349208075
3,1458.6257359482522,2,533176.8760117146
2,1474.4467966726756,1,3263.7559834065423
2,557.7097225708368,1,39566.4520168545
4,1998.769108970344,3,875526.8840373858
4,1942.550265470999,3,368815.06022223225
2,1210.838392040966,1,884078.8717152479
2,1083.1553589128775,1,209872.70249973005
5,1201.6715679929816,4,1304067.9356955823
4,1723.6534876137237,3,272332.331871582
4,1048.7125096627578,3,333250.46945745725
1,1349.5223052232134,0,0
3,1585.2793523898788,2,587816.5643517699
3,903.2696429933061,2,359230.48304996936
3,883.6131190342081,2,71494.1610709838
1,1629.5280547632506,0,0
5,1660.1677928268164,4,551620.0926972289
4,1690.298613646296,3,402867.94106333127
2,2161.0465625118413,1,80083.51899248463
4,1155.0607225897074,3,318266.92246120673
0,0,0,0
2,1098.560635621885,1,1387087.98336821
2,471.45723497517224,1,213443.16476944042
2,1766.9905185780863,1,14145.182029733314
2,2203.1016912625687,1,478454.4465810494
3,1549.1763355743906,2,770332.7573497101
1,975.4886240615789,0,0
4,1372.0274889405152,3,577384.2598206998
3,2523.888996269618,2,233157.31234184987
4,2267.2305847437283,3,292649.66361358674
4,1685.8752027950472,3,1066581.6795254443
2,1518.9502251943413,1,578467.2800748654
3,1529.7925888335378,2,976693.2951531385
0,0,0,0
1,1054.8052505516137,0,0
3,1293.4390403740542,2,510037.2779663316
4,1132.0626123508112,3,36182.96092867806
2,1475.1092319951001,1,14001.87436358683
3,1192.4967097346548,2,625817.6703663556
4,1869.1247498091882,3,129001.18577072756
4,1373.261469429523,3,501612.1919320481
3,958.2393666498871,2,184642.98887039832
0,0,0,0
8,1060.5773131287617,7,483473.52473012265
3,1103.5261256129359,2,695678.6347175634
3,2257.935937566372,2,99648.99760007199
2,1590.9361458967037,1,471208.9769787614
6,1309.1145934543192,5,236154.49555685846
2,1633.7733707054492,1,715423.8061617862
1,839.5883693925401,0,0
5,1584.4840082135618,4,352548.23453045974
4,834.5983036314951,3,826354.115375043
2,778.5480667153316,1,526594.9950343255
4,1075.4338187211504,3,1402170.966959481
0,0,0,0
2,2008.642115296273,1,48999.37492347279
2,1885.7843221495564,1,987757.5788416109
3,1025.5841763725878,2,105772.73897229737
2,1500.9157160448367,1,44082.27358363857
1,652.0392472140996,0,0
3,1241.2214366759124,2,708711.7715042452
4,1988.382028300625,3,216510.6042981135
5,1851.933300187927,4,152748.60568506154
1,1587.6172519810593,0,0
9,1957.5677909858196,8,183131.52093999874
2,1431.2672515216286,1,79683.80937294943
4,1399.8692301697815,3,901843.092390573
2,1928.6880389255657,1,572578.8796338644
1,2484.45392783879,0,0
5,1517.5584330427398,4,218718.6109425849
3,1624.6628574605456,2,1047247.908327274
4,1008.1418400630505,3,355341.18876332656
2,1370.8358139835493,1,545999.1089617491
4,1952.4466643769906,3,930427.9787510881
4,1606.0569077634982,3,108834.5109735898
2,1836.1401641736543,1,105693.66522854747
1,1985.4125987440295,0,0
3,2277.026382676748,2,435898.4368955927
0,0,0,0
1,2721.5318610715603,0,0
5,1460.7155971920456,4,528611.2112008444
5,947.1651624314857,4,919055.9394132441
2,1492.1157329633718,1,1837998.271434388
2,858.180414628935,1,382613.521073739
6,1601.2998896103488,5,1384306.6052161958
4,1842.1777147096414,3,937374.474190161
2,1331.3777454039887,1,209662.2461467776
6,1310.2212314323294,5,1009840.9001005708
7,953.2677121740493,6,713222.840070878
5,986.9415054049462,4,986719.6167046754
4,1797.9258986905925,3,122769.87031316927
4,1167.3832427406096,3,979483.2032729071
1,2567.3878134294664,0,0
1,2237.8421489921075,0,0
3,1442.1078086469886,2,591186.1347274431
5,1200.3789858281184,4,697552.5296491038
2,714.0767576057443,1,346933.41210005677
2,1236.4697167804939,1,1056846.97096706
2,649.4912055164725,1,346920.6077285476
3,1833.8102568732318,2,1846615.2045131903
4,1471.2205382994907,3,441818.24281833484
3,1245.5432433333983,2,926950.0881785923
1,1431.2832816782907,0,0
6,1298.1616333661768,5,398691.8097432307
3,1895.0391378675447,2,33733.87442554398
2,2169.2809087734677,1,660840.4281844178
4,1326.883466107736,3,126135.40725811526
0,0,0,0
5,1959.960356512372,4,967116.2776164853
0,0,0,0
9,1594.404808703981,8,847910.8901962138
5,1826.199216632839,4,284141.34421731625
3,1397.311637857476,2,1235424.0157800652
2,1235.8837118740585,1,358619.4329001802
3,1059.5532965790069,2,477244.6173174663
6,1736.6933509490325,5,192378.49431065112
3,1435.7078565244017,2,255236.89329995547
5,1270.3895283927009,4,664473.8918871512
5,1287.3556849052954,4,443142.09843533044
4,1769.859332477659,3,684905.7176317878
3,1960.8443646213254,2,185766.35977524795
3,888.582443619695,2,584110.2986798564
4,1405.5039053732519,3,336783.05416066136
4,1249.593722279886,3,356389.09137981833
2,1702.0067794948477,1,34428.519829459015
3,1328.3528255741373,2,4159842.5577490395
2,786.0877554667745,1,206335.93957010895
4,1272.8157893788095,3,387523.4397181548
3,1158.2086492043536,2,626283.0153677101
4,1576.0558525084632,3,795618.1563479624
6,1733.363997295639,5,346442.48289804405
2,2724.324464863339,1,1242874.6454833392
1,2917.644738183507,0,0
4,2170.7721652702135,3,497199.061134933
0,0,0,0
5,1538.4248114438528,4,81149.11557097155
4,1975.1858132841219,3,44498.38321655077
3,1516.6248951999548,2,723014.8455894412
3,1201.293686276403,2,353679.366369152
1,1170.2301281681375,0,0
2,1954.0929286758483,1,564702.3457073815
2,819.9932981007016,1,984350.1326483671
2,1278.9678686939196,1,3297659.9232817935
1,1151.526303428441,0,0
2,1628.0693159264347,1,1733687.4381402067
4,1698.273650945602,3,571521.0722686992
2,1691.7495848547128,1,701828.7425934867
3,982.1737292073531,2,1047787.7702107468
1,1665.5544763887847,0,0
2,884.7505842175077,1,949199.4864934676
0,0,0,0
1,1786.1772424149353,0,0
3,1172.6924819156682,2,1160637.5630311002
3,2490.0308389039915,2,13390.255157893695
5,1704.2449210287,4,335664.2179148573
3,1828.857017625928,2,302894.2490578619
6,1383.903441211961,5,69381.32681292444
2,1396.5261595726422,1,52330.082867495454
4,1685.1586141671046,3,132129.97148907627
1,1964.4625778957836,0,0
3,471.0539229756134,2,917046.6296229232
0,0,0,0
1,1582.6065845569967,0,0
2,1515.6922056180217,1,1248236.5611145364
3,2298.151220737654,2,161997.564053615
5,1867.6713118551281,4,71921.84561212134
2,1625.6824451313908,1,579464.5570804725
1,2697.8005353045355,0,0
5,1570.23387799471,4,892131.7819905344
5,1308.3106256094322,4,346746.0367372742
5,1225.1580649497616,4,227239.48428765323
5,857.5814493157583,4,588573.2712991738
4,924.0443326265308,3,849387.4721641805
3,2229.1274886246556,2,907491.6327217354
4,1238.6915899019987,3,133700.5495727873
6,1867.9161877080269,5,440519.041982064
4,1789.5274633794775,3,188042.96286296312
1,1300.919508519413,0,0
4,1183.6999701831446,3,317553.23532512155
2,1081.6482761759555,1,113572.1132619714
1,1399.6065682400656,0,0
4,2205.393362149617,3,111499.76789589341
1,1431.8971555652124,0,0
4,1129.8343119132558,3,192565.22105191412
3,1119.0256245029846,2,372318.3617324628
3,2197.5715347173777,2,118343.44571387241
5,1562.2046520930635,4,425090.4614252315
1,1487.0176353806266,0,0
3,779.546520882816,2,1510889.8831582495
2,1049.0589003426144,1,1020648.7360775989
5,1291.3450465588633,4,276989.2369718578
2,1957.783978347482,1,970070.8834760681
1,230.65579745853302,0,0
5,1481.9209904767602,4,1144091.1111409971
7,1619.1358158043427,6,558523.1118713772
2,1922.988694751048,1,4266730.872598829
4,1134.7537453982204,3,486251.4908223967
3,1846.2864452921158,2,123319.56900065798
1,1941.0417743178427,0,0
3,1439.4802255320762,2,854774.765430006
2,1317.5466085598944,1,695988.6619854143
4,1748.2591632458177,3,626244.3438564412
1,1912.4892602054656,0,0
6,1407.0379724208908,5,120565.9691841458
2,1360.0220588872207,1,1293024.2136251875
1,2549.7724737974013,0,0
2,1943.0037227383368,1,38052.91962658499
2,1079.3680673443923,1,995926.7836198607
4,1617.4358152472432,3,117078.23615737917
1,1027.5328680906023,0,0
4,1079.2706393433398,3,480511.9006576492
2,1565.7200401253358,1,8628.066270359232
2,1465.3011711588947,1,474970.6655536346
3,1048.0857916375119,2,150940.90071503524
2,1018.5154920785671,1,124804.30748469855
4,1814.5211746005116,3,234348.9466926489
4,1980.055665583076,3,120104.40412966254
2,1713.5283329730594,1,506379.03772576654
2,2262.091859501784,1,81102.71186172866
5,1560.9290215437209,4,293717.4228225623
4,977.3879419115876,3,157697.81754558755
4,570.2221997168523,3,540285.9210383937
1,2021.6016161202729,0,0
2,691.5788500657706,1,126049.75409200176
1,1187.448199451363,0,0
1,1063.975532053294,0,0
3,1215.9633310622014,2,1237130.4186674787
6,1810.4853892738095,5,385298.55793713697
1,1361.010301535081,0,0
2,1642.3847861464744,1,40881.18708773939
3,1531.9317762152607,2,70528.59093868129
2,1837.5659327406006,1,184321.43596762352
5,1237.3790125872813,4,1157404.7556860424
4,1652.0315119462311,3,205609.50648939
2,1770.0876435981563,1,1561153.8962422535
4,1278.7167438013203,3,60178.314791124256
2,1279.44101740542,1,1908697.0793755797
7,2241.9216056413898,6,561582.6419506472
1,1695.6429055338594,0,0
2,1537.0714819500963,1,667426.250702047
3,1939.0042375492685,2,1090089.7161081245
5,1790.734130834593,4,341863.06013449066
5,1377.2740479998595,4,187854.56058132264
1,1585.4912676612437,0,0
9,1032.3930822993937,8,691826.4020718688
0,0,0,0
1,1055.0169896238663,0,0
7,1898.9610448673866,6,868332.8571384825
4,1942.163215259291,3,347148.05441809836
2,833.3489451682608,1,27251.52082351703
6,1422.3745950649566,5,281330.64815688785
5,1215.6348224019214,4,217526.54092142268
3,2389.3583002770633,2,242839.19309288706
5,1636.9110603358354,4,871711.9565756116
2,1452.3536120109618,1,8476.008788779296
5,1677.6554367082094,4,121424.7891724913
6,1626.5109847434624,5,505420.8532469187
1,2296.7293567302463,0,0
4,2117.3034459142514,3,1546217.2937342667
4,1462.981535814186,3,334432.4591473997
3,1146.4759139113526,2,64807.98340220851
2,1890.751331548553,1,971927.0064442001
3,911.9400624824392,2,722106.5942436083
4,1315.31505442317,3,937817.6854518711
3,1457.979593081658,2,1192136.9921520427
1,1784.088944551624,0,0
0,0,0,0
2,1572.5237282967964,1,467896.3834286119
1,360.73382193474777,0,0
3,1261.4325221256604,2,1430338.3463131315
1,122.57787097567711,0,0
6,1013.017475371893,5,269091.451554034
2,740.0273443785728,1,1475960.0616442065
4,1749.076330278384,3,1386876.9662839512
2,1314.8158764570044,1,53616.72472440071
4,1720.9296147082168,3,251275.0554892559
3,1358.1859951662586,2,275531.79328890535
1,1109.5491738359592,0,0
3,372.59561233174986,2,268790.35621503944
7,1543.9393174042812,6,144692.15789456162
1,1049.9985919199157,0,0
2,1775.8817220256255,1,1181709.6421624874
3,2135.2239423715146,2,360959.6097389021
0,0,0,0
6,1080.2820559205459,5,640771.3210303693
3,1189.4406122921212,2,852648.6929109998
2,2150.109903686175,1,8532.306448602902
3,2327.3604282945116,2,93927.37605575102
3,1494.4999225924773,2,265492.5442785415
2,1821.4035281283323,1,821506.8904343669
1,2091.21725969122,0,0
4,2063.6180586627706,3,83943.54849542902
4,2112.883359301399,3,863998.3378385172
3,1592.3510473879048,2,260191.76383476393
2,1656.6431976846193,1,321000.6850365463
4,1598.7990663531116,3,211632.77342272538
2,638.7311245375391,1,670870.733045386
6,1395.317342214552,5,157571.79914233822
3,2259.856378014952,2,394153.06625160296
3,1576.9632799028989,2,896934.6297447467
1,1942.2628769297266,0,0
1,1550.1900762480932,0,0
3,1511.1630882655347,2,715497.5548281603
3,1407.578370187052,2,165689.2147206588
2,1578.3480361269008,1,568.9090818408351
3,1822.6525476483384,2,532263.5424155192
3,605.0150866600244,2,412356.6599845764
1,2828.0926026320403,0,0
3,2322.523063423158,2,632068.6593617245
3,1824.0289805969016,2,266704.4835617405
3,1758.509978637715,2,1044615.4106426012
2,1181.2970124107355,1,589.3119572720941
1,1089.6135097662714,0,0
3,691.2677015604941,2,1125776.348541148
2,1112.3767188904635,1,111208.06116835054
6,898.7309370728086,5,541532.3812933334
4,1739.44837786732,3,217532.45125312338
2,1455.267025817232,1,233492.1457168726
1,2071.5308833296385,0,0
4,1817.699361215937,3,341498.9526069208
3,1018.1139219208831,2,1054855.6183252418
3,1938.6941863217346,2,1253840.235815855
2,848.7908623952642,1,161725.044722584
3,1071.525756618137,2,238342.6617358607
5,1374.1833190834718,4,781933.8387833892
7,1957.7356486930164,6,856121.73311774
4,1537.6952661847586,3,38281.22924279395
0,0,0,0
6,1438.089523285359,5,418457.42434097466
1,1686.4952777065944,0,0
2,2315.1522968828485,1,18880.72812682405
4,1843.3048947176621,3,780799.841300942
4,1683.398071854491,3,701400.9632129115
4,1442.189314484339,3,176701.723829822
3,1383.4795095376837,2,9032.773027655418
1,1690.437371609576,0,0
2,2800.7203351388134,1,178662.78174376383
4,1486.1934224385118,3,1332552.1808628307
3,269.0699055894683,2,112702.20504168383
1,2054.438792412994,0,0
3,2177.3126696145832,2,803499.8955552555
5,1099.2958386902496,4,225300.1853853478
6,1178.6961756538742,5,445092.6601845487
2,1295.7940732925272,1,742585.9683791109
5,745.7131608403806,4,431600.61026404775
4,1585.423710970054,3,683317.7477083051
2,1459.6494557154324,1,1138172.951552072
2,1123.4637832963856,1,228439.6048676835
1,1540.9286273250093,0,0
5,1616.1319433808317,4,428389.56298851257
1,1309.9645601499112,0,0
2,996.3294541624552,1,1382265.1241024476
5,1828.9310587825453,4,1105760.48464178
2,1036.7630771327458,1,62357.03400944399
4,537.6321888253606,3,398887.0293190882
3,1085.5599354906894,2,826890.3194003676
3,1400.9388298802623,2,3230.894311444288
2,2266.3118875915957,1,1127702.4890164533
3,1154.6630198878474,2,684071.8298003208
3,1629.3085796189464,2,412925.569321775
5,1872.8277516247592,4,914487.3406274894
5,1443.983730434262,4,421570.1427414621
4,1841.3496159288443,3,213802.67993025502
1,2591.9635530808064,0,0
2,2232.533392518545,1,377954.2815288502
6,720.9035945001447,5,1076286.3974790832
4,1318.5605120333776,3,639625.7517039072
2,962.5149464042574,1,3881469.682607484
4,1599.8404828572698,3,208848.65661056162
2,1641.401459717851,1,406203.59247301304
2,1375.9298942907715,1,968327.5468028311
4,1479.7611188655605,3,355503.8838251854
3,1593.2688784598047,2,414007.07725350815
3,2296.253251319147,2,300179.8193273823
2,1563.2947987482544,1,18290.793417807065
5,1129.8256023170745,4,350168.1214775931
3,1165.7719904979683,2,512444.66574684996
2,2524.0367291528046,1,695945.7409433754
0,0,0,0
2,1429.4549751120485,1,630784.9580781328
2,1529.158860917031,1,484814.300951296
1,1813.5588918747417,0,0
2,856.4439233861228,1,8257.89092435134
3,1034.9482143333905,2,523022.7547476595
2,1656.5509748453405,1,159761.7508849188
6,1053.316319599572,5,466172.2781226449
3,1989.085063861329,2,336380.65891080885
4,1890.1994020876264,3,804170.911246636
4,1133.918242540762,3,1046584.9013808891
4,1897.940223829742,3,219620.50591583698
7,1612.5256532933006,6,350218.15963616414
4,1179.2079533850601,3,302680.852799545
3,1703.430872551636,2,657278.6520117095
0,0,0,0
5,1575.8814718814658,4,283142.75369563355
2,2348.1144815979083,1,26783.997734999513
3,1788.2927994504414,2,802706.8131976974
3,1192.9565105524373,2,180858.43977227042
4,2288.6574244852263,3,894602.3716295472
2,531.3439594092398,1,52978.444419605796
5,2090.396088777938,4,368341.43028952426
1,1194.9744495249388,0,0
5,1895.8695331406245,4,290749.8176213946
4,1502.73534311028,3,48999.49018794395
3,986.6115895040803,2,765103.1877527173
1,1737.8263331410703,0,0
3,2154.7143574451443,2,111301.69438621975
0,0,0,0
3,1471.664187929898,2,243129.21872132173
4,1337.2207356579477,3,57873.95524471826
4,1916.4494652458493,3,14958.726807074345
4,1558.269691078095,3,908310.4538137875
7,1128.7081652720951,6,314868.9552294477
2,1589.2029628940659,1,446953.757354229
3,1399.5990883301429,2,1980002.9602326243
2,1686.5945529060978,1,5518.13571401654
5,1520.015958650643,4,957068.4862596133
3,1503.6106061243556,2,2220816.3590266304
5,1287.4030990192946,4,277624.67877536017
4,2212.2280344275505,3,643740.1633621086
0,0,0,0
0,0,0,0
2,1118.2287647678922,1,149890.97048971584
6,1413.1126540631649,5,180831.73250351023
2,1751.366221830383,1,502945.0526408617
2,2460.948577462104,1,606579.6771260578
2,1360.312025895873,1,64663.67037827159
1,1835.8479356071152,0,0
1,1279.5453487783077,0,0
2,822.9312193535172,1,8486.090444872434
2,1169.717194715004,1,53759.109273066984
0,0,0,0
2,1399.4042197996764,1,59207.53255488041
2,1544.780751531023,1,531706.1588811108
2,1770.7898372234852,1,259453.37930214906
3,1376.159391050778,2,198029.8865143145
3,733.5143556974476,2,229896.08126780513
3,671.6321577548805,2,1312168.5237796002
3,1504.013754295389,2,62983.5495937043
0,0,0,0
1,2615.589738334399,0,0
0,0,0,0
1,1405.18273829207,0,0
2,1763.1646183145963,1,1480129.3952304195
4,1326.0627369003232,3,812998.1804845119
4,1437.9475385177034,3,401652.4741659791
2,2362.168826707807,1,94717.99711939566
3,718.7270002093898,2,598496.8293763213
2,2020.417188215768,1,64691.44847084218
1,1381.8283144321144,0,0
3,1464.8537232807037,2,18998.699378978978
4,992.4632670154014,3,390736.49734977685
2,2294.853103441211,1,540631.4340296581
2,2061.75848500106,1,50186.21475118002
3,1991.7656931730296,2,199727.42496128264
2,1951.3336177845335,1,224849.0626501597
2,690.485175936992,1,1048044.2687177717
2,1554.8153988496606,1,678152.111396682
9,1523.7006340954833,8,191310.25047831147
9,1609.0290598408185,8,673779.7425793034
2,1942.9464099463867,1,1346.7173543961026
3,1558.201754522917,2,1053219.686804575
2,1216.1357798190918,1,2479396.541299157
4,1628.7975439892448,3,324090.45126324944
5,1828.281782091622,4,320178.04870870244
4,1511.0567035159884,3,681283.352875119
5,1252.4877778857467,4,442538.96583074634
6,1438.8486914665675,5,473935.0374263811
4,1640.8810381186354,3,1378331.8558390087
4,1343.742113918852,3,210721.0197779849
4,1222.2521812623288,3,321422.8410137564
4,1187.2426063439166,3,315141.57562835346
4,1656.457676776455,3,190000.56522210478
5,1654.025674553745,4,1010594.2080954192
5,2267.3441436717026,4,235024.49929262683
5,1852.8865898396064,4,312563.5227610549
6,1675.9555502506162,5,296799.3128043938
2,1449.201109529914,1,1370288.1854991983
5,1903.702127363404,4,704610.8144003877
3,1363.921994937977,2,1343277.5505247624
2,1342.3125775243884,1,65473.02139083855
3,1187.9881736295883,2,67840.59746730713
2,935.5574745263657,1,360110.222947343
3,1198.7325610006599,2,219873.43062294656
3,1040.771295445021,2,1461157.7233885685
6,1526.3150029999294,5,656359.6945932411
4,1489.7310425294263,3,218204.49048372745
2,943.3583850998841,1,38349.694210912996
2,1722.0763390868756,1,1722007.6431345113
2,2356.1868093706253,1,1119857.222225287
1,1580.897909407442,0,0
3,1300.4621313932998,2,265334.25866030745
6,2200.6825411836926,5,897446.8174830325
2,1350.155096916428,1,15829.745102258163
2,852.0974316186707,1,1085958.1072301404
2,1050.6264191105931,1,493270.7469483377
2,1540.9871751922847,1,109063.78140702896
6,1831.858037712378,5,331512.58672835334
1,2026.2797092651156,0,0
4,912.5895513379376,3,82206.37911236251
2,2267.6321440164556,1,460.1557354072836
3,1551.3592076008117,2,1624439.8418077067
1,2755.316002719307,0,0
1,2723.9071118753654,0,0
1,3086.650077184284,0,0
2,1384.7586727768728,1,40689.91986211483
5,1530.131875699661,4,183424.80298272666
1,1784.250251137334,0,0
3,994.6996004068286,2,926754.390836231
5,1754.0330851297283,4,1316946.088927053
5,1883.118810432044,4,442788.4159341578
1,1367.1361049872337,0,0
4,1234.8064998671516,3,149579.36581922453
0,0,0,0
3,1284.5741632192985,2,31646.822706398023
2,1300.0670909537703,1,1272710.821198719
1,2414.8019112471,0,0
4,1056.1785621698,3,216173.18443442162
3,1487.3437995992178,2,53971.47707936632
2,1989.359988452567,1,114876.97563805452
6,1815.5652079087138,5,478991.5611231142
2,1617.6087021490475,1,807756.3371116
6,1461.4025916976907,5,231388.96879308423
3,885.498635283313,2,539660.9642117723
6,1358.321662361075,5,411565.60441898333
0,0,0,0
5,1160.3180106759178,4,253611.18990063784
3,985.3570489796408,2,857180.287215953
1,1866.7932477799513,0,0
4,1691.2455281773978,3,122108.99668588948
3,1404.573298863008,2,700112.3487878595
1,2042.7873634493353,0,0
6,1956.187510101751,5,588086.9668289656
0,0,0,0
2,1972.5211388432263,1,279718.89751965937
4,1206.6271138062466,3,740619.0102277081
2,1133.6641602138634,1,1152242.1660196483
1,778.8728228372851,0,0
4,1231.1889009379083,3,381195.08029193414
2,1522.1108578404016,1,218997.205038271
4,1647.1842360808812,3,728127.4141078788
2,1322.547200601598,1,354743.52149544726
1,3244.982293264491,0,0
4,1782.897003567127,3,1067183.250470293
2,1243.2312184923912,1,1683236.442891213
0,0,0,0
4,1433.557454994551,3,787960.7428365523
3,1479.345114042652,2,782887.5861622446
1,524.0096629049891,0,0
5,1323.3859376869946,4,286186.1961369155
0,0,0,0
4,1692.3580456059267,3,701009.3964006919
1,2086.161705957541,0,0
2,1323.6571811078559,1,1955976.333459526
3,1672.7925915734415,2,915326.4169335753
3,1384.8685200552147,2,423458.01302169764
5,1526.079697961955,4,268557.61561701156
1,2851.349250617028,0,0
3,1071.7528804949175,2,455454.31244255113
2,1401.184513536481,1,277784.01662814146
3,1830.3560033337417,2,340996.54621487646
3,1390.878526786694,2,69558.73448334464
6,1799.5208390658488,5,20650.90782767705
2,1299.7432679818876,1,285574.4282552235
5,1199.941641740153,4,349106.7026226944
2,670.1318756502092,1,242718.01023398442
4,1586.3096323315658,3,150304.043960462
7,1216.334587493305,6,641064.3138365673
2,2145.510039651096,1,1142550.7168071694
3,1143.507089785527,2,297378.14860297134
1,1551.7480202388288,0,0
1,1391.6680785635813,0,0
3,1064.7884326542894,2,548826.9385163179
2,2156.59489301342,1,21142.8158850299
7,1389.1800707811192,6,271988.58431846363
3,1826.1207558124352,2,647151.1066088417
6,1970.1797469204191,5,1600121.648175508
5,842.9988618861425,4,367568.9449171589
1,1558.5789528199402,0,0
5,884.5942301094074,4,1043454.5164542128
2,1674.6601218381493,1,714228.9334633428
3,1844.8861669909281,2,1140867.039204021
3,1123.6766099506833,2,36538.4255738587
5,1197.6218461964634,4,396477.7122750383
5,1625.7460223174087,4,222747.86545399937
3,709.3628522584664,2,2473350.3215934434
3,1335.461024040136,2,646717.5426550291
3,1620.6541787736496,2,255813.85450887593
2,1833.0080779691232,1,918401.8287505768
2,1957.9467187504379,1,4894.606112752261
2,1553.7466587919837,1,168419.18787219125
4,1715.7645976898118,3,352978.82970138715
2,2114.9673075026785,1,1119758.43090356
3,1821.1719143733844,2,326147.2785094048
3,1025.2106174398784,2,1313560.0998895657
6,1560.471934786816,5,183237.03359119882
3,1702.5283750105611,2,965882.7382393989
1,1962.4953005392485,0,0
3,1128.2342518281166,2,1094346.2105885833
2,1439.6443885401231,1,104765.1212097045
2,1055.0565927637656,1,304865.9052659002
4,1441.2562557112683,3,253196.3283402948
2,1884.492132964479,1,573513.1168323783
0,0,0,0
5,1717.369678975442,4,466307.59324595577
1,1172.6179191351935,0,0
2,848.419191728526,1,38.03007291618286
1,2170.4116610422757,0,0
3,1476.0222842927453,2,193390.83465047722
2,1241.3296424292275,1,354481.0635998313
3,1580.7071029264887,2,410019.8861809124
2,2133.8188284155426,1,741824.3337001594
4,1537.743000883905,3,129982.18567308607
6,1865.4646715233648,5,517037.43823978974
3,550.6882695896581,2,50464.844326183505
6,1025.1823218206996,5,424264.73611135734
4,1096.6256769296965,3,317836.9622721666
3,1983.2860750403609,2,960054.9453277298
3,1436.6794910019598,2,285913.40023032157
3,1244.0515887544552,2,1061127.9215175682
4,1298.1029147866943,3,729673.46664352
4,1693.9829050751239,3,633404.5848417184
2,1278.4706080696994,1,13706.274256830076
7,1556.096721174151,6,957166.9506342778
4,1474.2416816840587,3,441287.0998827188
3,1384.2993025094454,2,228379.20229492476
3,1366.0305006052865,2,455851.4908193692
4,1527.0656422811576,3,841353.0924015626
2,1346.0245003106843,1,3810970.2790249186
1,1778.7126712308127,0,0
2,1345.182788136252,1,376624.3752722932
2,2088.7338783054315,1,4767297.274790721
3,1743.1186296134103,2,365240.3329710747
4,1774.20585553078,3,1901518.877224692
1,2052.086259376636,0,0
3,2712.9527644456753,2,17232.05737721679
2,1461.3681197961432,1,417122.32739387196
3,2359.4849985961323,2,170108.44333708813
2,1622.6871608315496,1,396482.55824192375
3,2136.735630468185,2,1357081.8554363279
5,1550.951083140511,4,267224.305628881
2,1434.8534157670213,1,38451.18450787196
5,1473.344235846339,4,377876.4731643839
3,764.8116228372446,2,190920.45893393847
2,564.7739987093212,1,136057.14935247437
2,1075.178751694866,1,419074.36497610493
1,1987.7206201267868,0,0
2,1239.7902075542727,1,982.5066614674847
3,1588.7822866687193,2,52841.51568200509
0,0,0,0
4,1867.2616662398034,3,823688.8175523911
6,1251.7713342615173,5,861722.1543179642
4,965.2518167479734,3,270551.02648098604
0,0,0,0
3,1226.3459110052029,2,374882.61474074057
2,1388.0061930487368,1,154760.090790143
1,973.5078234334919,0,0
3,1521.9823379446564,2,344639.25590890064
5,1702.6932151280703,4,489266.63084327464
3,1856.7550812706213,2,1424587.332770585
3,1084.7799022645536,2,1560381.0446525733
3,1164.3712588644987,2,182365.17518174197
5,1814.5317387984603,4,137187.32846372318
2,1254.1405749041255,1,129168.23624489918
1,2185.1420375751813,0,0
3,1800.350579805647,2,203229.55294056074
0,0,0,0
5,1495.5904528538845,4,414184.6968422505
2,1919.342544624959,1,1048663.9721856075
4,2051.2972788900024,3,131152.18675373963
0,0,0,0
3,1293.5245345748178,2,485222.65519502014
5,1741.2263234400846,4,195894.52130073647
2,1269.2035000938893,1,290627.74688714615
2,1647.720687329222,1,323705.6711547002
3,1924.1562996672428,2,621408.2837059282
0,0,0,0
5,1446.131546442146,4,411731.323935673
2,817.0456359124655,1,91059.31507971857
3,982.7642787975439,2,402398.9642665399
1,2185.6291980871592,0,0
2,1658.8081893931144,1,1325423.9928360586
2,907.3779418214892,1,7202.563377818543
2,1859.094921247462,1,1844387.1369301938
3,1300.7346880475707,2,41560.601186510685
4,1775.4782449405657,3,645943.9202453169
2,1675.3048066978763,1,3240979.510769313
2,426.8895778339571,1,1826403.2802850022
1,2022.1757316670505,0,0
3,1404.2519900427153,2,24297.274280336507
2,1016.9219960702745,1,11777.982691319581
4,1867.4365948609784,3,456493.9040631017
3,1631.5835352759477,2,14544.924455598572
3,2137.6261546109968,2,117108.5665320264
4,1750.7750806797067,3,329954.6614898554
5,1629.6858983077504,4,676770.211676432
8,2047.4934495385987,7,360714.28981117933
8,1636.5966866429997,7,913197.855759893
2,965.4188198584687,1,2096.407747875184
4,1020.3508803106222,3,297358.3073646931
7,1309.3614560849364,6,741601.8790774319
3,1362.690270328092,2,663718.9015172808
0,0,0,0
3,1515.57908346024,2,2039330.102726108
5,1710.576420375634,4,243498.10147848778
1,2123.438270931473,0,0
5,862.9283665888877,4,292400.384099057
4,1112.503274730768,3,673494.4827009663
1,1529.310820420732,0,0
2,1281.7911076391092,1,725317.3171119909
3,1713.7119024630792,2,136888.6784509973
0,0,0,0
5,1911.1797988171809,4,458908.2796055217
3,1221.0566752232749,2,729482.668924422
9,1553.1062185071048,8,1174978.481319416
2,805.7583341852288,1,413370.1358281949
5,1223.65210224063,4,779193.9742513748
2,1015.0549678695568,1,194819.30080432325
3,1883.2935896127212,2,143278.59795423853
6,1276.6993700552287,5,113609.64579214281
1,1585.9900734530106,0,0
4,1762.2982739067506,3,128985.87122296366
3,1751.9053251330167,2,100556.17043132309
5,1362.1515514008502,4,805303.334539818
2,871.2996876015682,1,241310.51841859522
4,1985.383024631942,3,905508.7505655368
1,963.6270591664432,0,0
0,0,0,0
5,2096.011850787184,4,1064462.0956243945
5,1824.5798172035652,4,1206915.1662043664
2,2605.0432853703496,1,902780.8442287784
2,943.2462450588396,1,114765.28478106504
2,1572.4166092447165,1,767250.979763015
2,1176.1305915740652,1,31208.342524705597
4,1016.4380274490996,3,1307407.4489374328
0,0,0,0
2,1980.4510259422907,1,1699591.8415874955
4,1078.9056622760559,3,505737.76053919195
0,0,0,0
5,1706.995346693173,4,232924.74268941063
1,-331.3782111017888,0,0
1,270.12748093035225,0,0
6,1513.9205588801567,5,338126.3054269335
6,1097.864075893967,5,84923.31716477164
1,1475.9973428329738,0,0
3,1459.8298127135004,2,370094.05944878125
1,1650.6961101599704,0,0
2,1604.6278134344345,1,60648.22385652266
2,1763.403313593417,1,114133.74023267793
4,1624.8969738268365,3,13249.464635466882
5,1499.4897484612673,4,414271.756113447
3,1411.754849290518,2,197669.47886893293
1,127.14795915400009,0,0
2,1930.5384191097237,1,555838.8648458825
2,1684.4328180491684,1,4892.7850516896015
